timestamp,datetime,date,price_usd,volume_usd,market_cap_usd,source,price_change_pct,volume_change_pct,dao,proposal_id,proposal_title,activist_score,detection_methods,detection_summary,top_voter_percentage,proposer_percentage,total_votes,proposal_state,proposal_author,proposal_created
1613174400000,2021-02-13 00:00:00+00:00,2021-02-13,226.0605010986328,14555933938.515472,0,yahoo,,,cream-finance.eth,QmWEHDn7bqXoMNh88i5MTxHa2MQ4g9pbAa9h2QUpu2DrZj,Raise collateral factor of new yVault tokens to 60% ,0.25,sentiment_analysis|structural_analysis,multi_method_2,0,0,0,closed,0xb6e362900B7113F246A7e1c17E9746b3B9C079dB,1620989073.0
1613260800000,2021-02-14 00:00:00+00:00,2021-02-14,200.62237548828125,2295205841.9626465,0,yahoo,-11.252795374125357,-84.23182015212738,cream-finance.eth,QmWEHDn7bqXoMNh88i5MTxHa2MQ4g9pbAa9h2QUpu2DrZj,Raise collateral factor of new yVault tokens to 60% ,0.25,sentiment_analysis|structural_analysis,multi_method_2,0,0,0,closed,0xb6e362900B7113F246A7e1c17E9746b3B9C079dB,1620989073.0
1613347200000,2021-02-15 00:00:00+00:00,2021-02-15,210.427734375,3499410487.095703,0,yahoo,4.887470234989566,52.46608487643674,cream-finance.eth,QmWEHDn7bqXoMNh88i5MTxHa2MQ4g9pbAa9h2QUpu2DrZj,Raise collateral factor of new yVault tokens to 60% ,0.25,sentiment_analysis|structural_analysis,multi_method_2,0,0,0,closed,0xb6e362900B7113F246A7e1c17E9746b3B9C079dB,1620989073.0
1613433600000,2021-02-16 00:00:00+00:00,2021-02-16,189.39646911621094,1833113120.8068237,0,yahoo,-9.99453105421435,-47.61651633706466,cream-finance.eth,QmWEHDn7bqXoMNh88i5MTxHa2MQ4g9pbAa9h2QUpu2DrZj,Raise collateral factor of new yVault tokens to 60% ,0.25,sentiment_analysis|structural_analysis,multi_method_2,0,0,0,closed,0xb6e362900B7113F246A7e1c17E9746b3B9C079dB,1620989073.0
1613520000000,2021-02-17 00:00:00+00:00,2021-02-17,188.99168395996094,1639986677.0635986,0,yahoo,-0.21372370780662342,-10.535435132242288,cream-finance.eth,QmWEHDn7bqXoMNh88i5MTxHa2MQ4g9pbAa9h2QUpu2DrZj,Raise collateral factor of new yVault tokens to 60% ,0.25,sentiment_analysis|structural_analysis,multi_method_2,0,0,0,closed,0xb6e362900B7113F246A7e1c17E9746b3B9C079dB,1620989073.0
1613606400000,2021-02-18 00:00:00+00:00,2021-02-18,189.47618103027344,1231560692.0318298,0,yahoo,0.2563589360975005,-24.904225793044667,cream-finance.eth,QmWEHDn7bqXoMNh88i5MTxHa2MQ4g9pbAa9h2QUpu2DrZj,Raise collateral factor of new yVault tokens to 60% ,0.25,sentiment_analysis|structural_analysis,multi_method_2,0,0,0,closed,0xb6e362900B7113F246A7e1c17E9746b3B9C079dB,1620989073.0
1613692800000,2021-02-19 00:00:00+00:00,2021-02-19,176.79360961914062,1247060752.548767,0,yahoo,-6.693491151326548,1.2585705777411027,cream-finance.eth,QmWEHDn7bqXoMNh88i5MTxHa2MQ4g9pbAa9h2QUpu2DrZj,Raise collateral factor of new yVault tokens to 60% ,0.25,sentiment_analysis|structural_analysis,multi_method_2,0,0,0,closed,0xb6e362900B7113F246A7e1c17E9746b3B9C079dB,1620989073.0
1613779200000,2021-02-20 00:00:00+00:00,2021-02-20,178.87628173828125,1952348754.5581055,0,yahoo,1.178024547169576,56.55602588469384,cream-finance.eth,QmWEHDn7bqXoMNh88i5MTxHa2MQ4g9pbAa9h2QUpu2DrZj,Raise collateral factor of new yVault tokens to 60% ,0.25,sentiment_analysis|structural_analysis,multi_method_2,0,0,0,closed,0xb6e362900B7113F246A7e1c17E9746b3B9C079dB,1620989073.0
1613865600000,2021-02-21 00:00:00+00:00,2021-02-21,183.68182373046875,1325205947.3953857,0,yahoo,2.6865171533577703,-32.122478409584524,cream-finance.eth,QmWEHDn7bqXoMNh88i5MTxHa2MQ4g9pbAa9h2QUpu2DrZj,Raise collateral factor of new yVault tokens to 60% ,0.25,sentiment_analysis|structural_analysis,multi_method_2,0,0,0,closed,0xb6e362900B7113F246A7e1c17E9746b3B9C079dB,1620989073.0
1613952000000,2021-02-22 00:00:00+00:00,2021-02-22,178.72552490234375,1553633285.5197144,0,yahoo,-2.6983066301637826,17.237119903762064,cream-finance.eth,QmWEHDn7bqXoMNh88i5MTxHa2MQ4g9pbAa9h2QUpu2DrZj,Raise collateral factor of new yVault tokens to 60% ,0.25,sentiment_analysis|structural_analysis,multi_method_2,0,0,0,closed,0xb6e362900B7113F246A7e1c17E9746b3B9C079dB,1620989073.0
1614038400000,2021-02-23 00:00:00+00:00,2021-02-23,132.02792358398438,1468449817.5566711,0,yahoo,-26.128109761532446,-5.482855494728156,cream-finance.eth,QmWEHDn7bqXoMNh88i5MTxHa2MQ4g9pbAa9h2QUpu2DrZj,Raise collateral factor of new yVault tokens to 60% ,0.25,sentiment_analysis|structural_analysis,multi_method_2,0,0,0,closed,0xb6e362900B7113F246A7e1c17E9746b3B9C079dB,1620989073.0
1614124800000,2021-02-24 00:00:00+00:00,2021-02-24,133.28074645996094,875474575.2342224,0,yahoo,0.9489075052972584,-40.381035513293206,cream-finance.eth,QmWEHDn7bqXoMNh88i5MTxHa2MQ4g9pbAa9h2QUpu2DrZj,Raise collateral factor of new yVault tokens to 60% ,0.25,sentiment_analysis|structural_analysis,multi_method_2,0,0,0,closed,0xb6e362900B7113F246A7e1c17E9746b3B9C079dB,1620989073.0
1614211200000,2021-02-25 00:00:00+00:00,2021-02-25,131.9002227783203,688486451.647583,0,yahoo,-1.0358012828622254,-21.358487028205598,cream-finance.eth,QmWEHDn7bqXoMNh88i5MTxHa2MQ4g9pbAa9h2QUpu2DrZj,Raise collateral factor of new yVault tokens to 60% ,0.25,sentiment_analysis|structural_analysis,multi_method_2,0,0,0,closed,0xb6e362900B7113F246A7e1c17E9746b3B9C079dB,1620989073.0
1614297600000,2021-02-26 00:00:00+00:00,2021-02-26,124.44514465332031,529656082.40992737,0,yahoo,-5.652058781985126,-23.069498151716207,cream-finance.eth,QmWEHDn7bqXoMNh88i5MTxHa2MQ4g9pbAa9h2QUpu2DrZj,Raise collateral factor of new yVault tokens to 60% ,0.25,sentiment_analysis|structural_analysis,multi_method_2,0,0,0,closed,0xb6e362900B7113F246A7e1c17E9746b3B9C079dB,1620989073.0
1614384000000,2021-02-27 00:00:00+00:00,2021-02-27,122.46293640136719,710347119.8366852,0,yahoo,-1.5928369543666498,34.114785693504416,cream-finance.eth,QmWEHDn7bqXoMNh88i5MTxHa2MQ4g9pbAa9h2QUpu2DrZj,Raise collateral factor of new yVault tokens to 60% ,0.25,sentiment_analysis|structural_analysis,multi_method_2,0,0,0,closed,0xb6e362900B7113F246A7e1c17E9746b3B9C079dB,1620989073.0
1614470400000,2021-02-28 00:00:00+00:00,2021-02-28,116.6393814086914,485181452.3036728,0,yahoo,-4.755361225039811,-31.697977122055466,cream-finance.eth,QmWEHDn7bqXoMNh88i5MTxHa2MQ4g9pbAa9h2QUpu2DrZj,Raise collateral factor of new yVault tokens to 60% ,0.25,sentiment_analysis|structural_analysis,multi_method_2,0,0,0,closed,0xb6e362900B7113F246A7e1c17E9746b3B9C079dB,1620989073.0
1614556800000,2021-03-01 00:00:00+00:00,2021-03-01,121.87586212158203,733063810.5233765,0,yahoo,4.48946200644067,51.09065011507392,cream-finance.eth,QmWEHDn7bqXoMNh88i5MTxHa2MQ4g9pbAa9h2QUpu2DrZj,Raise collateral factor of new yVault tokens to 60% ,0.25,sentiment_analysis|structural_analysis,multi_method_2,0,0,0,closed,0xb6e362900B7113F246A7e1c17E9746b3B9C079dB,1620989073.0
1614643200000,2021-03-02 00:00:00+00:00,2021-03-02,113.86695861816406,444526586.1529541,0,yahoo,-6.571361518188379,-39.36045133157222,cream-finance.eth,QmWEHDn7bqXoMNh88i5MTxHa2MQ4g9pbAa9h2QUpu2DrZj,Raise collateral factor of new yVault tokens to 60% ,0.25,sentiment_analysis|structural_analysis,multi_method_2,0,0,0,closed,0xb6e362900B7113F246A7e1c17E9746b3B9C079dB,1620989073.0
1614729600000,2021-03-03 00:00:00+00:00,2021-03-03,136.97702026367188,1149573067.6658936,0,yahoo,20.295669548006433,158.60614493602975,cream-finance.eth,QmWEHDn7bqXoMNh88i5MTxHa2MQ4g9pbAa9h2QUpu2DrZj,Raise collateral factor of new yVault tokens to 60% ,0.25,sentiment_analysis|structural_analysis,multi_method_2,0,0,0,closed,0xb6e362900B7113F246A7e1c17E9746b3B9C079dB,1620989073.0
1614816000000,2021-03-04 00:00:00+00:00,2021-03-04,128.32481384277344,552767605.0654602,0,yahoo,-6.316538645857173,-51.91540054188935,cream-finance.eth,QmWEHDn7bqXoMNh88i5MTxHa2MQ4g9pbAa9h2QUpu2DrZj,Raise collateral factor of new yVault tokens to 60% ,0.25,sentiment_analysis|structural_analysis,multi_method_2,0,0,0,closed,0xb6e362900B7113F246A7e1c17E9746b3B9C079dB,1620989073.0
1614902400000,2021-03-05 00:00:00+00:00,2021-03-05,126.96245574951172,404174566.9571991,0,yahoo,-1.0616482132059901,-26.881647322777592,cream-finance.eth,QmWEHDn7bqXoMNh88i5MTxHa2MQ4g9pbAa9h2QUpu2DrZj,Raise collateral factor of new yVault tokens to 60% ,0.25,sentiment_analysis|structural_analysis,multi_method_2,0,0,0,closed,0xb6e362900B7113F246A7e1c17E9746b3B9C079dB,1620989073.0
1614988800000,2021-03-06 00:00:00+00:00,2021-03-06,131.61038208007812,537419676.7311401,0,yahoo,3.6608667524015592,32.9672177982568,cream-finance.eth,QmWEHDn7bqXoMNh88i5MTxHa2MQ4g9pbAa9h2QUpu2DrZj,Raise collateral factor of new yVault tokens to 60% ,0.25,sentiment_analysis|structural_analysis,multi_method_2,0,0,0,closed,0xb6e362900B7113F246A7e1c17E9746b3B9C079dB,1620989073.0
1615075200000,2021-03-07 00:00:00+00:00,2021-03-07,124.22622680664062,398224810.15289307,0,yahoo,-5.610617609896929,-25.90058991231975,cream-finance.eth,QmWEHDn7bqXoMNh88i5MTxHa2MQ4g9pbAa9h2QUpu2DrZj,Raise collateral factor of new yVault tokens to 60% ,0.25,sentiment_analysis|structural_analysis,multi_method_2,0,0,0,closed,0xb6e362900B7113F246A7e1c17E9746b3B9C079dB,1620989073.0
1615161600000,2021-03-08 00:00:00+00:00,2021-03-08,123.28226470947266,426470584.8740082,0,yahoo,-0.7598734352909697,7.092921887581682,cream-finance.eth,QmWEHDn7bqXoMNh88i5MTxHa2MQ4g9pbAa9h2QUpu2DrZj,Raise collateral factor of new yVault tokens to 60% ,0.25,sentiment_analysis|structural_analysis,multi_method_2,0,0,0,closed,0xb6e362900B7113F246A7e1c17E9746b3B9C079dB,1620989073.0
1615248000000,2021-03-09 00:00:00+00:00,2021-03-09,131.62586975097656,588506634.7053223,0,yahoo,6.767887547463913,37.99466025990614,cream-finance.eth,QmWEHDn7bqXoMNh88i5MTxHa2MQ4g9pbAa9h2QUpu2DrZj,Raise collateral factor of new yVault tokens to 60% ,0.25,sentiment_analysis|structural_analysis,multi_method_2,0,0,0,closed,0xb6e362900B7113F246A7e1c17E9746b3B9C079dB,1620989073.0
1615334400000,2021-03-10 00:00:00+00:00,2021-03-10,129.8621368408203,459681836.40075684,0,yahoo,-1.3399591687356494,-21.89011825993614,cream-finance.eth,QmWEHDn7bqXoMNh88i5MTxHa2MQ4g9pbAa9h2QUpu2DrZj,Raise collateral factor of new yVault tokens to 60% ,0.25,sentiment_analysis|structural_analysis,multi_method_2,0,0,0,closed,0xb6e362900B7113F246A7e1c17E9746b3B9C079dB,1620989073.0
1615420800000,2021-03-11 00:00:00+00:00,2021-03-11,126.0655288696289,388462102.6247406,0,yahoo,-2.9235680726901414,-15.493266893827384,cream-finance.eth,QmWEHDn7bqXoMNh88i5MTxHa2MQ4g9pbAa9h2QUpu2DrZj,Raise collateral factor of new yVault tokens to 60% ,0.25,sentiment_analysis|structural_analysis,multi_method_2,0,0,0,closed,0xb6e362900B7113F246A7e1c17E9746b3B9C079dB,1620989073.0
1615507200000,2021-03-12 00:00:00+00:00,2021-03-12,113.58043670654297,426368692.709198,0,yahoo,-9.903652707472032,9.758117929221942,cream-finance.eth,QmWEHDn7bqXoMNh88i5MTxHa2MQ4g9pbAa9h2QUpu2DrZj,Raise collateral factor of new yVault tokens to 60% ,0.25,sentiment_analysis|structural_analysis,multi_method_2,0,0,0,closed,0xb6e362900B7113F246A7e1c17E9746b3B9C079dB,1620989073.0
1615593600000,2021-03-13 00:00:00+00:00,2021-03-13,117.07760620117188,360219578.5779114,0,yahoo,3.079024518689355,-15.514533609624849,cream-finance.eth,QmWEHDn7bqXoMNh88i5MTxHa2MQ4g9pbAa9h2QUpu2DrZj,Raise collateral factor of new yVault tokens to 60% ,0.25,sentiment_analysis|structural_analysis,multi_method_2,0,0,0,closed,0xb6e362900B7113F246A7e1c17E9746b3B9C079dB,1620989073.0
1615680000000,2021-03-14 00:00:00+00:00,2021-03-14,111.70006561279297,265396116.59409332,0,yahoo,-4.593141902080566,-26.32379460277138,cream-finance.eth,QmWEHDn7bqXoMNh88i5MTxHa2MQ4g9pbAa9h2QUpu2DrZj,Raise collateral factor of new yVault tokens to 60% ,0.25,sentiment_analysis|structural_analysis,multi_method_2,0,0,0,closed,0xb6e362900B7113F246A7e1c17E9746b3B9C079dB,1620989073.0
1615766400000,2021-03-15 00:00:00+00:00,2021-03-15,107.85415649414062,503893864.16152954,0,yahoo,-3.443067913660991,89.86482192284808,cream-finance.eth,QmWEHDn7bqXoMNh88i5MTxHa2MQ4g9pbAa9h2QUpu2DrZj,Raise collateral factor of new yVault tokens to 60% ,0.25,sentiment_analysis|structural_analysis,multi_method_2,0,0,0,closed,0xb6e362900B7113F246A7e1c17E9746b3B9C079dB,1620989073.0
1615852800000,2021-03-16 00:00:00+00:00,2021-03-16,102.11425018310547,321064664.1124649,0,yahoo,-5.321914794583726,-36.283275715867106,cream-finance.eth,QmWEHDn7bqXoMNh88i5MTxHa2MQ4g9pbAa9h2QUpu2DrZj,Raise collateral factor of new yVault tokens to 60% ,0.25,sentiment_analysis|structural_analysis,multi_method_2,0,0,0,closed,0xb6e362900B7113F246A7e1c17E9746b3B9C079dB,1620989073.0
1615939200000,2021-03-17 00:00:00+00:00,2021-03-17,100.10652923583984,277423222.34069824,0,yahoo,-1.9661515838048982,-13.59272652828578,cream-finance.eth,QmWEHDn7bqXoMNh88i5MTxHa2MQ4g9pbAa9h2QUpu2DrZj,Raise collateral factor of new yVault tokens to 60% ,0.25,sentiment_analysis|structural_analysis,multi_method_2,0,0,0,closed,0xb6e362900B7113F246A7e1c17E9746b3B9C079dB,1620989073.0
1616025600000,2021-03-18 00:00:00+00:00,2021-03-18,108.27671813964844,409037391.22302246,0,yahoo,8.161494526056877,47.44165530623508,cream-finance.eth,QmWEHDn7bqXoMNh88i5MTxHa2MQ4g9pbAa9h2QUpu2DrZj,Raise collateral factor of new yVault tokens to 60% ,0.25,sentiment_analysis|structural_analysis,multi_method_2,0,0,0,closed,0xb6e362900B7113F246A7e1c17E9746b3B9C079dB,1620989073.0
1616112000000,2021-03-19 00:00:00+00:00,2021-03-19,119.96458435058594,534961789.89668274,0,yahoo,10.794440773374037,30.785547085841248,cream-finance.eth,QmWEHDn7bqXoMNh88i5MTxHa2MQ4g9pbAa9h2QUpu2DrZj,Raise collateral factor of new yVault tokens to 60% ,0.25,sentiment_analysis|structural_analysis,multi_method_2,0,0,0,closed,0xb6e362900B7113F246A7e1c17E9746b3B9C079dB,1620989073.0
1616198400000,2021-03-20 00:00:00+00:00,2021-03-20,114.60302734375,411088852.0878906,0,yahoo,-4.469283193752627,-23.15547393258044,cream-finance.eth,QmWEHDn7bqXoMNh88i5MTxHa2MQ4g9pbAa9h2QUpu2DrZj,Raise collateral factor of new yVault tokens to 60% ,0.25,sentiment_analysis|structural_analysis,multi_method_2,0,0,0,closed,0xb6e362900B7113F246A7e1c17E9746b3B9C079dB,1620989073.0
1616284800000,2021-03-21 00:00:00+00:00,2021-03-21,122.01192474365234,357450405.14636993,0,yahoo,6.464835678100789,-13.047896256270363,cream-finance.eth,QmWEHDn7bqXoMNh88i5MTxHa2MQ4g9pbAa9h2QUpu2DrZj,Raise collateral factor of new yVault tokens to 60% ,0.25,sentiment_analysis|structural_analysis,multi_method_2,0,0,0,closed,0xb6e362900B7113F246A7e1c17E9746b3B9C079dB,1620989073.0
1616371200000,2021-03-22 00:00:00+00:00,2021-03-22,124.20195770263672,920175789.2432709,0,yahoo,1.7949335391484356,157.42754127428512,cream-finance.eth,QmWEHDn7bqXoMNh88i5MTxHa2MQ4g9pbAa9h2QUpu2DrZj,Raise collateral factor of new yVault tokens to 60% ,0.25,sentiment_analysis|structural_analysis,multi_method_2,0,0,0,closed,0xb6e362900B7113F246A7e1c17E9746b3B9C079dB,1620989073.0
1616457600000,2021-03-23 00:00:00+00:00,2021-03-23,123.42317199707031,422623403.9352722,0,yahoo,-0.6270317473022202,-54.07144929526706,cream-finance.eth,QmWEHDn7bqXoMNh88i5MTxHa2MQ4g9pbAa9h2QUpu2DrZj,Raise collateral factor of new yVault tokens to 60% ,0.25,sentiment_analysis|structural_analysis,multi_method_2,0,0,0,closed,0xb6e362900B7113F246A7e1c17E9746b3B9C079dB,1620989073.0
1616544000000,2021-03-24 00:00:00+00:00,2021-03-24,105.4853286743164,297328331.3744354,0,yahoo,-14.533610692795751,-29.64697917676765,cream-finance.eth,QmWEHDn7bqXoMNh88i5MTxHa2MQ4g9pbAa9h2QUpu2DrZj,Raise collateral factor of new yVault tokens to 60% ,0.25,sentiment_analysis|structural_analysis,multi_method_2,0,0,0,closed,0xb6e362900B7113F246A7e1c17E9746b3B9C079dB,1620989073.0
1616630400000,2021-03-25 00:00:00+00:00,2021-03-25,104.68164825439453,242741354.09964752,0,yahoo,-0.7618883403238241,-18.359157710418362,cream-finance.eth,QmWEHDn7bqXoMNh88i5MTxHa2MQ4g9pbAa9h2QUpu2DrZj,Raise collateral factor of new yVault tokens to 60% ,0.25,sentiment_analysis|structural_analysis,multi_method_2,0,0,0,closed,0xb6e362900B7113F246A7e1c17E9746b3B9C079dB,1620989073.0
1616716800000,2021-03-26 00:00:00+00:00,2021-03-26,115.56053161621094,250238473.09875488,0,yahoo,10.392350085450342,3.088521536396205,cream-finance.eth,QmWEHDn7bqXoMNh88i5MTxHa2MQ4g9pbAa9h2QUpu2DrZj,Raise collateral factor of new yVault tokens to 60% ,0.25,sentiment_analysis|structural_analysis,multi_method_2,0,0,0,closed,0xb6e362900B7113F246A7e1c17E9746b3B9C079dB,1620989073.0
1616803200000,2021-03-27 00:00:00+00:00,2021-03-27,119.44965362548828,502281015.5090332,0,yahoo,3.3654414313301517,100.72094002540189,cream-finance.eth,QmWEHDn7bqXoMNh88i5MTxHa2MQ4g9pbAa9h2QUpu2DrZj,Raise collateral factor of new yVault tokens to 60% ,0.25,sentiment_analysis|structural_analysis,multi_method_2,0,0,0,closed,0xb6e362900B7113F246A7e1c17E9746b3B9C079dB,1620989073.0
1616889600000,2021-03-28 00:00:00+00:00,2021-03-28,118.29399108886719,262878821.6972351,0,yahoo,-0.967489232111507,-47.66299868394939,cream-finance.eth,QmWEHDn7bqXoMNh88i5MTxHa2MQ4g9pbAa9h2QUpu2DrZj,Raise collateral factor of new yVault tokens to 60% ,0.25,sentiment_analysis|structural_analysis,multi_method_2,0,0,0,closed,0xb6e362900B7113F246A7e1c17E9746b3B9C079dB,1620989073.0
1616976000000,2021-03-29 00:00:00+00:00,2021-03-29,134.04574584960938,462025257.55929565,0,yahoo,13.31576914072401,75.75598314702698,cream-finance.eth,QmWEHDn7bqXoMNh88i5MTxHa2MQ4g9pbAa9h2QUpu2DrZj,Raise collateral factor of new yVault tokens to 60% ,0.25,sentiment_analysis|structural_analysis,multi_method_2,0,0,0,closed,0xb6e362900B7113F246A7e1c17E9746b3B9C079dB,1620989073.0
1617062400000,2021-03-30 00:00:00+00:00,2021-03-30,132.87533569335938,446034332.3514404,0,yahoo,-0.8731423357240531,-3.46105000673107,cream-finance.eth,QmWEHDn7bqXoMNh88i5MTxHa2MQ4g9pbAa9h2QUpu2DrZj,Raise collateral factor of new yVault tokens to 60% ,0.25,sentiment_analysis|structural_analysis,multi_method_2,0,0,0,closed,0xb6e362900B7113F246A7e1c17E9746b3B9C079dB,1620989073.0
1617148800000,2021-03-31 00:00:00+00:00,2021-03-31,124.77684783935547,462230716.9701309,0,yahoo,-6.094801425520413,3.6311968483020207,cream-finance.eth,QmWEHDn7bqXoMNh88i5MTxHa2MQ4g9pbAa9h2QUpu2DrZj,Raise collateral factor of new yVault tokens to 60% ,0.25,sentiment_analysis|structural_analysis,multi_method_2,0,0,0,closed,0xb6e362900B7113F246A7e1c17E9746b3B9C079dB,1620989073.0
1617235200000,2021-04-01 00:00:00+00:00,2021-04-01,145.81495666503906,869370643.8804626,0,yahoo,16.860586871668048,88.08153849642166,cream-finance.eth,QmWEHDn7bqXoMNh88i5MTxHa2MQ4g9pbAa9h2QUpu2DrZj,Raise collateral factor of new yVault tokens to 60% ,0.25,sentiment_analysis|structural_analysis,multi_method_2,0,0,0,closed,0xb6e362900B7113F246A7e1c17E9746b3B9C079dB,1620989073.0
1617321600000,2021-04-02 00:00:00+00:00,2021-04-02,147.82093811035156,2007296143.4465485,0,yahoo,1.3757034883057795,130.89072049717717,cream-finance.eth,QmWEHDn7bqXoMNh88i5MTxHa2MQ4g9pbAa9h2QUpu2DrZj,Raise collateral factor of new yVault tokens to 60% ,0.25,sentiment_analysis|structural_analysis,multi_method_2,0,0,0,closed,0xb6e362900B7113F246A7e1c17E9746b3B9C079dB,1620989073.0
1617408000000,2021-04-03 00:00:00+00:00,2021-04-03,128.82888793945312,681312733.3277893,0,yahoo,-12.848010852644197,-66.05818550729798,cream-finance.eth,QmWEHDn7bqXoMNh88i5MTxHa2MQ4g9pbAa9h2QUpu2DrZj,Raise collateral factor of new yVault tokens to 60% ,0.25,sentiment_analysis|structural_analysis,multi_method_2,0,0,0,closed,0xb6e362900B7113F246A7e1c17E9746b3B9C079dB,1620989073.0
1617494400000,2021-04-04 00:00:00+00:00,2021-04-04,144.16749572753906,783304966.2014465,0,yahoo,11.906186596359314,14.969958417698814,cream-finance.eth,QmWEHDn7bqXoMNh88i5MTxHa2MQ4g9pbAa9h2QUpu2DrZj,Raise collateral factor of new yVault tokens to 60% ,0.25,sentiment_analysis|structural_analysis,multi_method_2,0,0,0,closed,0xb6e362900B7113F246A7e1c17E9746b3B9C079dB,1620989073.0
1617580800000,2021-04-05 00:00:00+00:00,2021-04-05,149.55921936035156,1074034258.3282928,0,yahoo,3.7399024000543513,37.11572180331078,cream-finance.eth,QmWEHDn7bqXoMNh88i5MTxHa2MQ4g9pbAa9h2QUpu2DrZj,Raise collateral factor of new yVault tokens to 60% ,0.25,sentiment_analysis|structural_analysis,multi_method_2,0,0,0,closed,0xb6e362900B7113F246A7e1c17E9746b3B9C079dB,1620989073.0
1617667200000,2021-04-06 00:00:00+00:00,2021-04-06,173.45077514648438,1683304041.9369507,0,yahoo,15.974645955170397,56.72722065280962,cream-finance.eth,QmWEHDn7bqXoMNh88i5MTxHa2MQ4g9pbAa9h2QUpu2DrZj,Raise collateral factor of new yVault tokens to 60% ,0.25,sentiment_analysis|structural_analysis,multi_method_2,0,0,0,closed,0xb6e362900B7113F246A7e1c17E9746b3B9C079dB,1620989073.0
1617753600000,2021-04-07 00:00:00+00:00,2021-04-07,145.9927978515625,1806860007.5893555,0,yahoo,-15.830414866542275,7.340086079175023,cream-finance.eth,QmWEHDn7bqXoMNh88i5MTxHa2MQ4g9pbAa9h2QUpu2DrZj,Raise collateral factor of new yVault tokens to 60% ,0.25,sentiment_analysis|structural_analysis,multi_method_2,0,0,0,closed,0xb6e362900B7113F246A7e1c17E9746b3B9C079dB,1620989073.0
1617840000000,2021-04-08 00:00:00+00:00,2021-04-08,161.72877502441406,1045025520.5963287,0,yahoo,10.778598262669803,-42.16344840181823,cream-finance.eth,QmWEHDn7bqXoMNh88i5MTxHa2MQ4g9pbAa9h2QUpu2DrZj,Raise collateral factor of new yVault tokens to 60% ,0.25,sentiment_analysis|structural_analysis,multi_method_2,0,0,0,closed,0xb6e362900B7113F246A7e1c17E9746b3B9C079dB,1620989073.0
1617926400000,2021-04-09 00:00:00+00:00,2021-04-09,152.36964416503906,1248234828.0769806,0,yahoo,-5.786929912727146,19.445391856525518,cream-finance.eth,QmWEHDn7bqXoMNh88i5MTxHa2MQ4g9pbAa9h2QUpu2DrZj,Raise collateral factor of new yVault tokens to 60% ,0.25,sentiment_analysis|structural_analysis,multi_method_2,0,0,0,closed,0xb6e362900B7113F246A7e1c17E9746b3B9C079dB,1620989073.0
1618012800000,2021-04-10 00:00:00+00:00,2021-04-10,145.49444580078125,626831247.4379272,0,yahoo,-4.512183776455469,-49.78258631001204,cream-finance.eth,QmWEHDn7bqXoMNh88i5MTxHa2MQ4g9pbAa9h2QUpu2DrZj,Raise collateral factor of new yVault tokens to 60% ,0.25,sentiment_analysis|structural_analysis,multi_method_2,0,0,0,closed,0xb6e362900B7113F246A7e1c17E9746b3B9C079dB,1620989073.0
1618099200000,2021-04-11 00:00:00+00:00,2021-04-11,156.9691619873047,697659643.4481049,0,yahoo,7.8867039379875825,11.299436060291734,cream-finance.eth,QmWEHDn7bqXoMNh88i5MTxHa2MQ4g9pbAa9h2QUpu2DrZj,Raise collateral factor of new yVault tokens to 60% ,0.25,sentiment_analysis|structural_analysis,multi_method_2,0,0,0,closed,0xb6e362900B7113F246A7e1c17E9746b3B9C079dB,1620989073.0
1618185600000,2021-04-12 00:00:00+00:00,2021-04-12,155.6600341796875,938782085.9569092,0,yahoo,-0.8340031832004491,34.56161536262634,cream-finance.eth,QmWEHDn7bqXoMNh88i5MTxHa2MQ4g9pbAa9h2QUpu2DrZj,Raise collateral factor of new yVault tokens to 60% ,0.25,sentiment_analysis|structural_analysis,multi_method_2,0,0,0,closed,0xb6e362900B7113F246A7e1c17E9746b3B9C079dB,1620989073.0
1618272000000,2021-04-13 00:00:00+00:00,2021-04-13,157.0983123779297,1174052715.0876617,0,yahoo,0.9239868189813594,25.06126103705304,cream-finance.eth,QmWEHDn7bqXoMNh88i5MTxHa2MQ4g9pbAa9h2QUpu2DrZj,Raise collateral factor of new yVault tokens to 60% ,0.25,sentiment_analysis|structural_analysis,multi_method_2,0,0,0,closed,0xb6e362900B7113F246A7e1c17E9746b3B9C079dB,1620989073.0
1618358400000,2021-04-14 00:00:00+00:00,2021-04-14,152.4049835205078,992271660.8860474,0,yahoo,-2.9875106781103944,-15.48321058037343,cream-finance.eth,QmWEHDn7bqXoMNh88i5MTxHa2MQ4g9pbAa9h2QUpu2DrZj,Raise collateral factor of new yVault tokens to 60% ,0.25,sentiment_analysis|structural_analysis,multi_method_2,0,0,0,closed,0xb6e362900B7113F246A7e1c17E9746b3B9C079dB,1620989073.0
1618444800000,2021-04-15 00:00:00+00:00,2021-04-15,177.05494689941406,1703986901.0919342,0,yahoo,16.173987759126863,71.72584567923283,cream-finance.eth,QmWEHDn7bqXoMNh88i5MTxHa2MQ4g9pbAa9h2QUpu2DrZj,Raise collateral factor of new yVault tokens to 60% ,0.25,sentiment_analysis|structural_analysis,multi_method_2,0,0,0,closed,0xb6e362900B7113F246A7e1c17E9746b3B9C079dB,1620989073.0
1618531200000,2021-04-16 00:00:00+00:00,2021-04-16,157.24191284179688,938205886.8383789,0,yahoo,-11.190330688062101,-44.94054583182735,cream-finance.eth,QmWEHDn7bqXoMNh88i5MTxHa2MQ4g9pbAa9h2QUpu2DrZj,Raise collateral factor of new yVault tokens to 60% ,0.25,sentiment_analysis|structural_analysis,multi_method_2,0,0,0,closed,0xb6e362900B7113F246A7e1c17E9746b3B9C079dB,1620989073.0
1618617600000,2021-04-17 00:00:00+00:00,2021-04-17,166.28924560546875,1054475858.5720825,0,yahoo,5.753766664473559,12.392799210151729,cream-finance.eth,QmWEHDn7bqXoMNh88i5MTxHa2MQ4g9pbAa9h2QUpu2DrZj,Raise collateral factor of new yVault tokens to 60% ,0.25,sentiment_analysis|structural_analysis,multi_method_2,0,0,0,closed,0xb6e362900B7113F246A7e1c17E9746b3B9C079dB,1620989073.0
1618704000000,2021-04-18 00:00:00+00:00,2021-04-18,139.36068725585938,1360006035.3363953,0,yahoo,-16.193806311142332,28.974601388982602,cream-finance.eth,QmWEHDn7bqXoMNh88i5MTxHa2MQ4g9pbAa9h2QUpu2DrZj,Raise collateral factor of new yVault tokens to 60% ,0.25,sentiment_analysis|structural_analysis,multi_method_2,0,0,0,closed,0xb6e362900B7113F246A7e1c17E9746b3B9C079dB,1620989073.0
1618790400000,2021-04-19 00:00:00+00:00,2021-04-19,118.98841094970703,2466047429.704239,0,yahoo,-14.618381056595853,81.32621221009995,cream-finance.eth,QmWEHDn7bqXoMNh88i5MTxHa2MQ4g9pbAa9h2QUpu2DrZj,Raise collateral factor of new yVault tokens to 60% ,0.25,sentiment_analysis|structural_analysis,multi_method_2,0,0,0,closed,0xb6e362900B7113F246A7e1c17E9746b3B9C079dB,1620989073.0
1618876800000,2021-04-20 00:00:00+00:00,2021-04-20,106.90667724609375,1073473679.510376,0,yahoo,-10.153706236752658,-56.46986888491754,cream-finance.eth,QmWEHDn7bqXoMNh88i5MTxHa2MQ4g9pbAa9h2QUpu2DrZj,Raise collateral factor of new yVault tokens to 60% ,0.25,sentiment_analysis|structural_analysis,multi_method_2,0,0,0,closed,0xb6e362900B7113F246A7e1c17E9746b3B9C079dB,1620989073.0
1618963200000,2021-04-21 00:00:00+00:00,2021-04-21,111.74536895751953,1805433273.765625,0,yahoo,4.526089329562977,68.18607742568075,cream-finance.eth,QmWEHDn7bqXoMNh88i5MTxHa2MQ4g9pbAa9h2QUpu2DrZj,Raise collateral factor of new yVault tokens to 60% ,0.25,sentiment_analysis|structural_analysis,multi_method_2,0,0,0,closed,0xb6e362900B7113F246A7e1c17E9746b3B9C079dB,1620989073.0
1619049600000,2021-04-22 00:00:00+00:00,2021-04-22,104.3645248413086,964067715.6796875,0,yahoo,-6.6050559276571,-46.601863957624204,cream-finance.eth,QmWEHDn7bqXoMNh88i5MTxHa2MQ4g9pbAa9h2QUpu2DrZj,Raise collateral factor of new yVault tokens to 60% ,0.25,sentiment_analysis|structural_analysis,multi_method_2,0,0,0,closed,0xb6e362900B7113F246A7e1c17E9746b3B9C079dB,1620989073.0
1619136000000,2021-04-23 00:00:00+00:00,2021-04-23,92.31906127929688,1296245015.4930115,0,yahoo,-11.54172222824512,34.45580579151872,cream-finance.eth,QmWEHDn7bqXoMNh88i5MTxHa2MQ4g9pbAa9h2QUpu2DrZj,Raise collateral factor of new yVault tokens to 60% ,0.25,sentiment_analysis|structural_analysis,multi_method_2,0,0,0,closed,0xb6e362900B7113F246A7e1c17E9746b3B9C079dB,1620989073.0
1619222400000,2021-04-24 00:00:00+00:00,2021-04-24,90.14483642578125,461589789.9874878,0,yahoo,-2.355120192283855,-64.390236068763,cream-finance.eth,QmWEHDn7bqXoMNh88i5MTxHa2MQ4g9pbAa9h2QUpu2DrZj,Raise collateral factor of new yVault tokens to 60% ,0.25,sentiment_analysis|structural_analysis,multi_method_2,0,0,0,closed,0xb6e362900B7113F246A7e1c17E9746b3B9C079dB,1620989073.0
1619308800000,2021-04-25 00:00:00+00:00,2021-04-25,93.45758819580078,295499155.6096573,0,yahoo,3.6749212726643554,-35.98230246434452,cream-finance.eth,QmWEHDn7bqXoMNh88i5MTxHa2MQ4g9pbAa9h2QUpu2DrZj,Raise collateral factor of new yVault tokens to 60% ,0.25,sentiment_analysis|structural_analysis,multi_method_2,0,0,0,closed,0xb6e362900B7113F246A7e1c17E9746b3B9C079dB,1620989073.0
1619395200000,2021-04-26 00:00:00+00:00,2021-04-26,105.51554107666016,601576809.4957733,0,yahoo,12.902058691689167,103.5798742824269,cream-finance.eth,QmWEHDn7bqXoMNh88i5MTxHa2MQ4g9pbAa9h2QUpu2DrZj,Raise collateral factor of new yVault tokens to 60% ,0.25,sentiment_analysis|structural_analysis,multi_method_2,0,0,0,closed,0xb6e362900B7113F246A7e1c17E9746b3B9C079dB,1620989073.0
1619481600000,2021-04-27 00:00:00+00:00,2021-04-27,122.91937255859375,1205639669.5775146,0,yahoo,16.49409300691469,100.41325572175093,cream-finance.eth,QmWEHDn7bqXoMNh88i5MTxHa2MQ4g9pbAa9h2QUpu2DrZj,Raise collateral factor of new yVault tokens to 60% ,0.25,sentiment_analysis|structural_analysis,multi_method_2,0,0,0,closed,0xb6e362900B7113F246A7e1c17E9746b3B9C079dB,1620989073.0
1619568000000,2021-04-28 00:00:00+00:00,2021-04-28,118.39232635498047,869596491.1627121,0,yahoo,-3.682939563863552,-27.87260463423207,cream-finance.eth,QmWEHDn7bqXoMNh88i5MTxHa2MQ4g9pbAa9h2QUpu2DrZj,Raise collateral factor of new yVault tokens to 60% ,0.25,sentiment_analysis|structural_analysis,multi_method_2,0,0,0,closed,0xb6e362900B7113F246A7e1c17E9746b3B9C079dB,1620989073.0
1619654400000,2021-04-29 00:00:00+00:00,2021-04-29,155.2445526123047,7529850287.771164,0,yahoo,31.12720848716892,765.9016410822014,cream-finance.eth,QmWEHDn7bqXoMNh88i5MTxHa2MQ4g9pbAa9h2QUpu2DrZj,Raise collateral factor of new yVault tokens to 60% ,0.25,sentiment_analysis|structural_analysis,multi_method_2,0,0,0,closed,0xb6e362900B7113F246A7e1c17E9746b3B9C079dB,1620989073.0
1619740800000,2021-04-30 00:00:00+00:00,2021-04-30,151.53546142578125,7081460170.615295,0,yahoo,-2.389192486377434,-5.9548344259125034,cream-finance.eth,QmWEHDn7bqXoMNh88i5MTxHa2MQ4g9pbAa9h2QUpu2DrZj,Raise collateral factor of new yVault tokens to 60% ,0.25,sentiment_analysis|structural_analysis,multi_method_2,0,0,0,closed,0xb6e362900B7113F246A7e1c17E9746b3B9C079dB,1620989073.0
1619827200000,2021-05-01 00:00:00+00:00,2021-05-01,152.59527587890625,1972161335.4401245,0,yahoo,0.6993837898755295,-72.15035758269657,cream-finance.eth,QmWEHDn7bqXoMNh88i5MTxHa2MQ4g9pbAa9h2QUpu2DrZj,Raise collateral factor of new yVault tokens to 60% ,0.25,sentiment_analysis|structural_analysis,multi_method_2,0,0,0,closed,0xb6e362900B7113F246A7e1c17E9746b3B9C079dB,1620989073.0
1619913600000,2021-05-02 00:00:00+00:00,2021-05-02,164.521728515625,2477988928.4699707,0,yahoo,7.815741718100844,25.648388087730222,cream-finance.eth,QmWEHDn7bqXoMNh88i5MTxHa2MQ4g9pbAa9h2QUpu2DrZj,Raise collateral factor of new yVault tokens to 60% ,0.25,sentiment_analysis|structural_analysis,multi_method_2,0,0,0,closed,0xb6e362900B7113F246A7e1c17E9746b3B9C079dB,1620989073.0
1620000000000,2021-05-03 00:00:00+00:00,2021-05-03,166.34884643554688,5204640863.642944,0,yahoo,1.1105632893641415,110.0348715785643,cream-finance.eth,QmWEHDn7bqXoMNh88i5MTxHa2MQ4g9pbAa9h2QUpu2DrZj,Raise collateral factor of new yVault tokens to 60% ,0.25,sentiment_analysis|structural_analysis,multi_method_2,0,0,0,closed,0xb6e362900B7113F246A7e1c17E9746b3B9C079dB,1620989073.0
1620086400000,2021-05-04 00:00:00+00:00,2021-05-04,135.34304809570312,2267050598.85141,0,yahoo,-18.639022153879004,-56.44174769698505,cream-finance.eth,QmWEHDn7bqXoMNh88i5MTxHa2MQ4g9pbAa9h2QUpu2DrZj,Raise collateral factor of new yVault tokens to 60% ,0.25,sentiment_analysis|structural_analysis,multi_method_2,0,0,0,closed,0xb6e362900B7113F246A7e1c17E9746b3B9C079dB,1620989073.0
1620172800000,2021-05-05 00:00:00+00:00,2021-05-05,145.63430786132812,2026141677.1499634,0,yahoo,7.60383330390777,-10.62653483885635,cream-finance.eth,QmWEHDn7bqXoMNh88i5MTxHa2MQ4g9pbAa9h2QUpu2DrZj,Raise collateral factor of new yVault tokens to 60% ,0.25,sentiment_analysis|structural_analysis,multi_method_2,0,0,0,closed,0xb6e362900B7113F246A7e1c17E9746b3B9C079dB,1620989073.0
1620259200000,2021-05-06 00:00:00+00:00,2021-05-06,132.71047973632812,1388700774.007141,0,yahoo,-8.87416455283735,-31.46082578191014,cream-finance.eth,QmWEHDn7bqXoMNh88i5MTxHa2MQ4g9pbAa9h2QUpu2DrZj,Raise collateral factor of new yVault tokens to 60% ,0.25,sentiment_analysis|structural_analysis,multi_method_2,0,0,0,closed,0xb6e362900B7113F246A7e1c17E9746b3B9C079dB,1620989073.0
1620345600000,2021-05-07 00:00:00+00:00,2021-05-07,138.23374938964844,1327962695.6390686,0,yahoo,4.161894120414655,-4.373734032912702,cream-finance.eth,QmWEHDn7bqXoMNh88i5MTxHa2MQ4g9pbAa9h2QUpu2DrZj,Raise collateral factor of new yVault tokens to 60% ,0.25,sentiment_analysis|structural_analysis,multi_method_2,0,0,0,closed,0xb6e362900B7113F246A7e1c17E9746b3B9C079dB,1620989073.0
1620432000000,2021-05-08 00:00:00+00:00,2021-05-08,137.65074157714844,911143432.3278656,0,yahoo,-0.42175504540258313,-31.387874424485464,cream-finance.eth,QmWEHDn7bqXoMNh88i5MTxHa2MQ4g9pbAa9h2QUpu2DrZj,Raise collateral factor of new yVault tokens to 60% ,0.25,sentiment_analysis|structural_analysis,multi_method_2,0,0,0,closed,0xb6e362900B7113F246A7e1c17E9746b3B9C079dB,1620989073.0
1620518400000,2021-05-09 00:00:00+00:00,2021-05-09,133.1718292236328,827394044.7016754,0,yahoo,-3.2538236279717747,-9.191679888666949,cream-finance.eth,QmWEHDn7bqXoMNh88i5MTxHa2MQ4g9pbAa9h2QUpu2DrZj,Raise collateral factor of new yVault tokens to 60% ,0.25,sentiment_analysis|structural_analysis,multi_method_2,0,0,0,closed,0xb6e362900B7113F246A7e1c17E9746b3B9C079dB,1620989073.0
1620604800000,2021-05-10 00:00:00+00:00,2021-05-10,116.68386840820312,1026670903.6341248,0,yahoo,-12.38096743999948,24.084879533342594,cream-finance.eth,QmWEHDn7bqXoMNh88i5MTxHa2MQ4g9pbAa9h2QUpu2DrZj,Raise collateral factor of new yVault tokens to 60% ,0.25,sentiment_analysis|structural_analysis,multi_method_2,0,0,0,closed,0xb6e362900B7113F246A7e1c17E9746b3B9C079dB,1620989073.0
1620691200000,2021-05-11 00:00:00+00:00,2021-05-11,128.4742431640625,1174929586.1931152,0,yahoo,10.104545655456242,14.440721173084437,cream-finance.eth,QmWEHDn7bqXoMNh88i5MTxHa2MQ4g9pbAa9h2QUpu2DrZj,Raise collateral factor of new yVault tokens to 60% ,0.25,sentiment_analysis|structural_analysis,multi_method_2,0,0,0,closed,0xb6e362900B7113F246A7e1c17E9746b3B9C079dB,1620989073.0
1620777600000,2021-05-12 00:00:00+00:00,2021-05-12,114.39932250976562,1594804919.322052,0,yahoo,-10.955441579307923,35.73621245587773,cream-finance.eth,QmWEHDn7bqXoMNh88i5MTxHa2MQ4g9pbAa9h2QUpu2DrZj,Raise collateral factor of new yVault tokens to 60% ,0.25,sentiment_analysis|structural_analysis,multi_method_2,0,0,0,closed,0xb6e362900B7113F246A7e1c17E9746b3B9C079dB,1620989073.0
1620864000000,2021-05-13 00:00:00+00:00,2021-05-13,115.8229751586914,1137111401.0573044,0,yahoo,1.2444589860261202,-28.69902849680901,cream-finance.eth,QmWEHDn7bqXoMNh88i5MTxHa2MQ4g9pbAa9h2QUpu2DrZj,Raise collateral factor of new yVault tokens to 60% ,0.25,sentiment_analysis|structural_analysis,multi_method_2,0,0,0,closed,0xb6e362900B7113F246A7e1c17E9746b3B9C079dB,1620989073.0
1620950400000,2021-05-14 00:00:00+00:00,2021-05-14,138.06919860839844,885593650.8008881,0,yahoo,19.20709031971164,-22.119006987578448,cream-finance.eth,QmWEHDn7bqXoMNh88i5MTxHa2MQ4g9pbAa9h2QUpu2DrZj,Raise collateral factor of new yVault tokens to 60% ,0.25,sentiment_analysis|structural_analysis,multi_method_2,0,0,0,closed,0xb6e362900B7113F246A7e1c17E9746b3B9C079dB,1620989073.0
1621036800000,2021-05-15 00:00:00+00:00,2021-05-15,128.91921997070312,1716450477.1690369,0,yahoo,-6.627096216910133,93.81919412100143,cream-finance.eth,QmWEHDn7bqXoMNh88i5MTxHa2MQ4g9pbAa9h2QUpu2DrZj,Raise collateral factor of new yVault tokens to 60% ,0.25,sentiment_analysis|structural_analysis,multi_method_2,0,0,0,closed,0xb6e362900B7113F246A7e1c17E9746b3B9C079dB,1620989073.0
1621123200000,2021-05-16 00:00:00+00:00,2021-05-16,138.00994873046875,1273305732.857666,0,yahoo,7.051492214916832,-25.817508294340954,cream-finance.eth,QmWEHDn7bqXoMNh88i5MTxHa2MQ4g9pbAa9h2QUpu2DrZj,Raise collateral factor of new yVault tokens to 60% ,0.25,sentiment_analysis|structural_analysis,multi_method_2,0,0,0,closed,0xb6e362900B7113F246A7e1c17E9746b3B9C079dB,1620989073.0
1621209600000,2021-05-17 00:00:00+00:00,2021-05-17,122.63591003417969,998790019.1586914,0,yahoo,-11.139804657354313,-21.559292997360657,cream-finance.eth,QmWEHDn7bqXoMNh88i5MTxHa2MQ4g9pbAa9h2QUpu2DrZj,Raise collateral factor of new yVault tokens to 60% ,0.25,sentiment_analysis|structural_analysis,multi_method_2,0,0,0,closed,0xb6e362900B7113F246A7e1c17E9746b3B9C079dB,1620989073.0
1621296000000,2021-05-18 00:00:00+00:00,2021-05-18,141.95579528808594,1286822896.275711,0,yahoo,15.75385647525398,28.83818135864411,cream-finance.eth,QmWEHDn7bqXoMNh88i5MTxHa2MQ4g9pbAa9h2QUpu2DrZj,Raise collateral factor of new yVault tokens to 60% ,0.25,sentiment_analysis|structural_analysis,multi_method_2,0,0,0,closed,0xb6e362900B7113F246A7e1c17E9746b3B9C079dB,1620989073.0
1621382400000,2021-05-19 00:00:00+00:00,2021-05-19,98.53642272949219,1170496921.72966,0,yahoo,-30.586544544009787,-9.039781222631227,cream-finance.eth,QmWEHDn7bqXoMNh88i5MTxHa2MQ4g9pbAa9h2QUpu2DrZj,Raise collateral factor of new yVault tokens to 60% ,0.25,sentiment_analysis|structural_analysis,multi_method_2,0,0,0,closed,0xb6e362900B7113F246A7e1c17E9746b3B9C079dB,1620989073.0
1621468800000,2021-05-20 00:00:00+00:00,2021-05-20,116.6636962890625,755006143.4343262,0,yahoo,18.39652085740351,-35.496956086083266,cream-finance.eth,QmWEHDn7bqXoMNh88i5MTxHa2MQ4g9pbAa9h2QUpu2DrZj,Raise collateral factor of new yVault tokens to 60% ,0.25,sentiment_analysis|structural_analysis,multi_method_2,0,0,0,closed,0xb6e362900B7113F246A7e1c17E9746b3B9C079dB,1620989073.0
1621555200000,2021-05-21 00:00:00+00:00,2021-05-21,113.08062744140625,766468521.5223999,0,yahoo,-3.071280065375548,1.5181834197976585,cream-finance.eth,QmWEHDn7bqXoMNh88i5MTxHa2MQ4g9pbAa9h2QUpu2DrZj,Raise collateral factor of new yVault tokens to 60% ,0.25,sentiment_analysis|structural_analysis,multi_method_2,0,0,0,closed,0xb6e362900B7113F246A7e1c17E9746b3B9C079dB,1620989073.0
1621641600000,2021-05-22 00:00:00+00:00,2021-05-22,104.46054077148438,595416621.0936584,0,yahoo,-7.622956172920469,-22.31688525041957,cream-finance.eth,QmWEHDn7bqXoMNh88i5MTxHa2MQ4g9pbAa9h2QUpu2DrZj,Raise collateral factor of new yVault tokens to 60% ,0.25,sentiment_analysis|structural_analysis,multi_method_2,0,0,0,closed,0xb6e362900B7113F246A7e1c17E9746b3B9C079dB,1620989073.0
1621728000000,2021-05-23 00:00:00+00:00,2021-05-23,98.132080078125,579966284.9223633,0,yahoo,-6.058230836850997,-2.5948782119847524,cream-finance.eth,QmWEHDn7bqXoMNh88i5MTxHa2MQ4g9pbAa9h2QUpu2DrZj,Raise collateral factor of new yVault tokens to 60% ,0.25,sentiment_analysis|structural_analysis,multi_method_2,0,0,0,closed,0xb6e362900B7113F246A7e1c17E9746b3B9C079dB,1620989073.0
1621814400000,2021-05-24 00:00:00+00:00,2021-05-24,113.97666931152344,657901943.4101105,0,yahoo,16.146187078460205,13.437963639244987,cream-finance.eth,QmWEHDn7bqXoMNh88i5MTxHa2MQ4g9pbAa9h2QUpu2DrZj,Raise collateral factor of new yVault tokens to 60% ,0.25,sentiment_analysis|structural_analysis,multi_method_2,0,0,0,closed,0xb6e362900B7113F246A7e1c17E9746b3B9C079dB,1620989073.0
1621900800000,2021-05-25 00:00:00+00:00,2021-05-25,113.17401885986328,528573143.687973,0,yahoo,-0.7042234665292191,-19.657762226964405,cream-finance.eth,QmWEHDn7bqXoMNh88i5MTxHa2MQ4g9pbAa9h2QUpu2DrZj,Raise collateral factor of new yVault tokens to 60% ,0.25,sentiment_analysis|structural_analysis,multi_method_2,0,0,0,closed,0xb6e362900B7113F246A7e1c17E9746b3B9C079dB,1620989073.0
1621987200000,2021-05-26 00:00:00+00:00,2021-05-26,126.55939483642578,625310226.6211853,0,yahoo,11.82725161782654,18.30155089951335,cream-finance.eth,QmWEHDn7bqXoMNh88i5MTxHa2MQ4g9pbAa9h2QUpu2DrZj,Raise collateral factor of new yVault tokens to 60% ,0.25,sentiment_analysis|structural_analysis,multi_method_2,0,0,0,closed,0xb6e362900B7113F246A7e1c17E9746b3B9C079dB,1620989073.0
1622073600000,2021-05-27 00:00:00+00:00,2021-05-27,120.74749755859375,556478003.9760132,0,yahoo,-4.592229036290618,-11.007691816764552,cream-finance.eth,QmWEHDn7bqXoMNh88i5MTxHa2MQ4g9pbAa9h2QUpu2DrZj,Raise collateral factor of new yVault tokens to 60% ,0.25,sentiment_analysis|structural_analysis,multi_method_2,0,0,0,closed,0xb6e362900B7113F246A7e1c17E9746b3B9C079dB,1620989073.0
1622160000000,2021-05-28 00:00:00+00:00,2021-05-28,115.68659973144531,759770818.2434692,0,yahoo,-4.191306593904853,36.53204849337026,cream-finance.eth,QmWEHDn7bqXoMNh88i5MTxHa2MQ4g9pbAa9h2QUpu2DrZj,Raise collateral factor of new yVault tokens to 60% ,0.25,sentiment_analysis|structural_analysis,multi_method_2,0,0,0,closed,0xb6e362900B7113F246A7e1c17E9746b3B9C079dB,1620989073.0
1622246400000,2021-05-29 00:00:00+00:00,2021-05-29,111.35160827636719,483811157.3935547,0,yahoo,-3.747185469312231,-36.32143459891125,cream-finance.eth,QmWEHDn7bqXoMNh88i5MTxHa2MQ4g9pbAa9h2QUpu2DrZj,Raise collateral factor of new yVault tokens to 60% ,0.25,sentiment_analysis|structural_analysis,multi_method_2,0,0,0,closed,0xb6e362900B7113F246A7e1c17E9746b3B9C079dB,1620989073.0
1622332800000,2021-05-30 00:00:00+00:00,2021-05-30,123.90509033203125,458346488.62390137,0,yahoo,11.273732144494186,-5.2633488046947114,cream-finance.eth,QmWEHDn7bqXoMNh88i5MTxHa2MQ4g9pbAa9h2QUpu2DrZj,Raise collateral factor of new yVault tokens to 60% ,0.25,sentiment_analysis|structural_analysis,multi_method_2,0,0,0,closed,0xb6e362900B7113F246A7e1c17E9746b3B9C079dB,1620989073.0
1622419200000,2021-05-31 00:00:00+00:00,2021-05-31,127.4697036743164,445334147.8326645,0,yahoo,2.8768901525619173,-2.8389746870983945,cream-finance.eth,QmWEHDn7bqXoMNh88i5MTxHa2MQ4g9pbAa9h2QUpu2DrZj,Raise collateral factor of new yVault tokens to 60% ,0.25,sentiment_analysis|structural_analysis,multi_method_2,0,0,0,closed,0xb6e362900B7113F246A7e1c17E9746b3B9C079dB,1620989073.0
1622505600000,2021-06-01 00:00:00+00:00,2021-06-01,131.6451873779297,547927279.9354248,0,yahoo,3.275667537661797,23.0373378286971,cream-finance.eth,QmWEHDn7bqXoMNh88i5MTxHa2MQ4g9pbAa9h2QUpu2DrZj,Raise collateral factor of new yVault tokens to 60% ,0.25,sentiment_analysis|structural_analysis,multi_method_2,0,0,0,closed,0xb6e362900B7113F246A7e1c17E9746b3B9C079dB,1620989073.0
1622592000000,2021-06-02 00:00:00+00:00,2021-06-02,154.0765380859375,1536426739.623413,0,yahoo,17.039248570182398,180.40705325065883,cream-finance.eth,QmWEHDn7bqXoMNh88i5MTxHa2MQ4g9pbAa9h2QUpu2DrZj,Raise collateral factor of new yVault tokens to 60% ,0.25,sentiment_analysis|structural_analysis,multi_method_2,0,0,0,closed,0xb6e362900B7113F246A7e1c17E9746b3B9C079dB,1620989073.0
1622678400000,2021-06-03 00:00:00+00:00,2021-06-03,167.57310485839844,1511595538.3986511,0,yahoo,8.759650846343071,-1.6161656514028233,cream-finance.eth,QmWEHDn7bqXoMNh88i5MTxHa2MQ4g9pbAa9h2QUpu2DrZj,Raise collateral factor of new yVault tokens to 60% ,0.25,sentiment_analysis|structural_analysis,multi_method_2,0,0,0,closed,0xb6e362900B7113F246A7e1c17E9746b3B9C079dB,1620989073.0
1622764800000,2021-06-04 00:00:00+00:00,2021-06-04,172.2519989013672,1500504559.8816986,0,yahoo,2.792150952220207,-0.7337265978372809,cream-finance.eth,QmWEHDn7bqXoMNh88i5MTxHa2MQ4g9pbAa9h2QUpu2DrZj,Raise collateral factor of new yVault tokens to 60% ,0.25,sentiment_analysis|structural_analysis,multi_method_2,0,0,0,closed,0xb6e362900B7113F246A7e1c17E9746b3B9C079dB,1620989073.0
1622851200000,2021-06-05 00:00:00+00:00,2021-06-05,167.51158142089844,1023302286.6051483,0,yahoo,-2.752024656145291,-31.802787278045553,cream-finance.eth,QmWEHDn7bqXoMNh88i5MTxHa2MQ4g9pbAa9h2QUpu2DrZj,Raise collateral factor of new yVault tokens to 60% ,0.25,sentiment_analysis|structural_analysis,multi_method_2,0,0,0,closed,0xb6e362900B7113F246A7e1c17E9746b3B9C079dB,1620989073.0
1622937600000,2021-06-06 00:00:00+00:00,2021-06-06,170.42550659179688,736554157.3657837,0,yahoo,1.7395365419998976,-28.021839977575404,cream-finance.eth,QmWEHDn7bqXoMNh88i5MTxHa2MQ4g9pbAa9h2QUpu2DrZj,Raise collateral factor of new yVault tokens to 60% ,0.25,sentiment_analysis|structural_analysis,multi_method_2,0,0,0,closed,0xb6e362900B7113F246A7e1c17E9746b3B9C079dB,1620989073.0
1623024000000,2021-06-07 00:00:00+00:00,2021-06-07,162.97833251953125,1217320368.9082031,0,yahoo,-4.369753226025663,65.27235054402982,cream-finance.eth,QmWEHDn7bqXoMNh88i5MTxHa2MQ4g9pbAa9h2QUpu2DrZj,Raise collateral factor of new yVault tokens to 60% ,0.25,sentiment_analysis|structural_analysis,multi_method_2,0,0,0,closed,0xb6e362900B7113F246A7e1c17E9746b3B9C079dB,1620989073.0
1623110400000,2021-06-08 00:00:00+00:00,2021-06-08,157.01531982421875,1077835274.2857056,0,yahoo,-3.6587763558066144,-11.458371862092454,cream-finance.eth,QmWEHDn7bqXoMNh88i5MTxHa2MQ4g9pbAa9h2QUpu2DrZj,Raise collateral factor of new yVault tokens to 60% ,0.25,sentiment_analysis|structural_analysis,multi_method_2,0,0,0,closed,0xb6e362900B7113F246A7e1c17E9746b3B9C079dB,1620989073.0
1623196800000,2021-06-09 00:00:00+00:00,2021-06-09,160.82508850097656,1094924221.1295166,0,yahoo,2.4263674914160704,1.585487806115471,cream-finance.eth,QmWEHDn7bqXoMNh88i5MTxHa2MQ4g9pbAa9h2QUpu2DrZj,Raise collateral factor of new yVault tokens to 60% ,0.25,sentiment_analysis|structural_analysis,multi_method_2,0,0,0,closed,0xb6e362900B7113F246A7e1c17E9746b3B9C079dB,1620989073.0
1623283200000,2021-06-10 00:00:00+00:00,2021-06-10,153.34542846679688,743746029.6968079,0,yahoo,-4.650804239497908,-32.07328732489228,cream-finance.eth,QmWEHDn7bqXoMNh88i5MTxHa2MQ4g9pbAa9h2QUpu2DrZj,Raise collateral factor of new yVault tokens to 60% ,0.25,sentiment_analysis|structural_analysis,multi_method_2,0,0,0,closed,0xb6e362900B7113F246A7e1c17E9746b3B9C079dB,1620989073.0
1623369600000,2021-06-11 00:00:00+00:00,2021-06-11,150.19961547851562,936000145.3743896,0,yahoo,-2.0514553447952277,25.8494308542333,cream-finance.eth,QmWEHDn7bqXoMNh88i5MTxHa2MQ4g9pbAa9h2QUpu2DrZj,Raise collateral factor of new yVault tokens to 60% ,0.25,sentiment_analysis|structural_analysis,multi_method_2,0,0,0,closed,0xb6e362900B7113F246A7e1c17E9746b3B9C079dB,1620989073.0
1623456000000,2021-06-12 00:00:00+00:00,2021-06-12,144.1292724609375,921598168.0455322,0,yahoo,-4.041517016031526,-1.5386725525664113,cream-finance.eth,QmWEHDn7bqXoMNh88i5MTxHa2MQ4g9pbAa9h2QUpu2DrZj,Raise collateral factor of new yVault tokens to 60% ,0.25,sentiment_analysis|structural_analysis,multi_method_2,0,0,0,closed,0xb6e362900B7113F246A7e1c17E9746b3B9C079dB,1620989073.0
1623542400000,2021-06-13 00:00:00+00:00,2021-06-13,168.81317138671875,1113562748.8119507,0,yahoo,17.12622183149588,20.829531505420086,cream-finance.eth,QmWEHDn7bqXoMNh88i5MTxHa2MQ4g9pbAa9h2QUpu2DrZj,Raise collateral factor of new yVault tokens to 60% ,0.25,sentiment_analysis|structural_analysis,multi_method_2,0,0,0,closed,0xb6e362900B7113F246A7e1c17E9746b3B9C079dB,1620989073.0
1623628800000,2021-06-14 00:00:00+00:00,2021-06-14,175.6778564453125,1305077241.0616455,0,yahoo,4.06643924890675,17.19835657703348,cream-finance.eth,QmWEHDn7bqXoMNh88i5MTxHa2MQ4g9pbAa9h2QUpu2DrZj,Raise collateral factor of new yVault tokens to 60% ,0.25,sentiment_analysis|structural_analysis,multi_method_2,0,0,0,closed,0xb6e362900B7113F246A7e1c17E9746b3B9C079dB,1620989073.0
1623715200000,2021-06-15 00:00:00+00:00,2021-06-15,168.81082153320312,768904763.0549011,0,yahoo,-3.9088790420476527,-41.08358196259575,cream-finance.eth,QmWEHDn7bqXoMNh88i5MTxHa2MQ4g9pbAa9h2QUpu2DrZj,Raise collateral factor of new yVault tokens to 60% ,0.25,sentiment_analysis|structural_analysis,multi_method_2,0,0,0,closed,0xb6e362900B7113F246A7e1c17E9746b3B9C079dB,1620989073.0
1623801600000,2021-06-16 00:00:00+00:00,2021-06-16,165.5205535888672,907342791.1974335,0,yahoo,-1.9490859143107553,18.004574141602458,cream-finance.eth,QmWEHDn7bqXoMNh88i5MTxHa2MQ4g9pbAa9h2QUpu2DrZj,Raise collateral factor of new yVault tokens to 60% ,0.25,sentiment_analysis|structural_analysis,multi_method_2,0,0,0,closed,0xb6e362900B7113F246A7e1c17E9746b3B9C079dB,1620989073.0
1623888000000,2021-06-17 00:00:00+00:00,2021-06-17,156.36300659179688,811175158.3437195,0,yahoo,-5.532573930254325,-10.598820400259113,cream-finance.eth,QmWEHDn7bqXoMNh88i5MTxHa2MQ4g9pbAa9h2QUpu2DrZj,Raise collateral factor of new yVault tokens to 60% ,0.25,sentiment_analysis|structural_analysis,multi_method_2,0,0,0,closed,0xb6e362900B7113F246A7e1c17E9746b3B9C079dB,1620989073.0
1623974400000,2021-06-18 00:00:00+00:00,2021-06-18,146.18301391601562,644315667.4041748,0,yahoo,-6.510486653890746,-20.570093798267088,cream-finance.eth,QmWEHDn7bqXoMNh88i5MTxHa2MQ4g9pbAa9h2QUpu2DrZj,Raise collateral factor of new yVault tokens to 60% ,0.25,sentiment_analysis|structural_analysis,multi_method_2,0,0,0,closed,0xb6e362900B7113F246A7e1c17E9746b3B9C079dB,1620989073.0
1624060800000,2021-06-19 00:00:00+00:00,2021-06-19,139.21018981933594,475605349.05921936,0,yahoo,-4.7699277158738,-26.184419668802594,cream-finance.eth,QmWEHDn7bqXoMNh88i5MTxHa2MQ4g9pbAa9h2QUpu2DrZj,Raise collateral factor of new yVault tokens to 60% ,0.25,sentiment_analysis|structural_analysis,multi_method_2,0,0,0,closed,0xb6e362900B7113F246A7e1c17E9746b3B9C079dB,1620989073.0
1624147200000,2021-06-20 00:00:00+00:00,2021-06-20,144.76434326171875,473543565.2310791,0,yahoo,3.989760698976763,-0.43350728334292654,cream-finance.eth,QmWEHDn7bqXoMNh88i5MTxHa2MQ4g9pbAa9h2QUpu2DrZj,Raise collateral factor of new yVault tokens to 60% ,0.25,sentiment_analysis|structural_analysis,multi_method_2,0,0,0,closed,0xb6e362900B7113F246A7e1c17E9746b3B9C079dB,1620989073.0
1624233600000,2021-06-21 00:00:00+00:00,2021-06-21,129.0523681640625,761499695.9827881,0,yahoo,-10.853484182393347,60.80879393033089,cream-finance.eth,QmWEHDn7bqXoMNh88i5MTxHa2MQ4g9pbAa9h2QUpu2DrZj,Raise collateral factor of new yVault tokens to 60% ,0.25,sentiment_analysis|structural_analysis,multi_method_2,0,0,0,closed,0xb6e362900B7113F246A7e1c17E9746b3B9C079dB,1620989073.0
1624320000000,2021-06-22 00:00:00+00:00,2021-06-22,130.14637756347656,545084784.9519653,0,yahoo,0.8477251638058014,-28.419566307445287,cream-finance.eth,QmWEHDn7bqXoMNh88i5MTxHa2MQ4g9pbAa9h2QUpu2DrZj,Raise collateral factor of new yVault tokens to 60% ,0.25,sentiment_analysis|structural_analysis,multi_method_2,0,0,0,closed,0xb6e362900B7113F246A7e1c17E9746b3B9C079dB,1620989073.0
1624406400000,2021-06-23 00:00:00+00:00,2021-06-23,141.35292053222656,380684900.63720703,0,yahoo,8.610722156507356,-30.160424369439287,cream-finance.eth,QmWEHDn7bqXoMNh88i5MTxHa2MQ4g9pbAa9h2QUpu2DrZj,Raise collateral factor of new yVault tokens to 60% ,0.25,sentiment_analysis|structural_analysis,multi_method_2,0,0,0,closed,0xb6e362900B7113F246A7e1c17E9746b3B9C079dB,1620989073.0
1624492800000,2021-06-24 00:00:00+00:00,2021-06-24,147.8406982421875,316105884.6279297,0,yahoo,4.589772666551872,-16.96390266626866,cream-finance.eth,QmWEHDn7bqXoMNh88i5MTxHa2MQ4g9pbAa9h2QUpu2DrZj,Raise collateral factor of new yVault tokens to 60% ,0.25,sentiment_analysis|structural_analysis,multi_method_2,0,0,0,closed,0xb6e362900B7113F246A7e1c17E9746b3B9C079dB,1620989073.0
1624579200000,2021-06-25 00:00:00+00:00,2021-06-25,140.70509338378906,808672554.0384369,0,yahoo,-4.826549754729337,155.8233153395039,cream-finance.eth,QmWEHDn7bqXoMNh88i5MTxHa2MQ4g9pbAa9h2QUpu2DrZj,Raise collateral factor of new yVault tokens to 60% ,0.25,sentiment_analysis|structural_analysis,multi_method_2,0,0,0,closed,0xb6e362900B7113F246A7e1c17E9746b3B9C079dB,1620989073.0
1624665600000,2021-06-26 00:00:00+00:00,2021-06-26,142.74465942382812,651170874.423706,0,yahoo,1.4495324874103321,-19.476570439812978,cream-finance.eth,QmWEHDn7bqXoMNh88i5MTxHa2MQ4g9pbAa9h2QUpu2DrZj,Raise collateral factor of new yVault tokens to 60% ,0.25,sentiment_analysis|structural_analysis,multi_method_2,0,0,0,closed,0xb6e362900B7113F246A7e1c17E9746b3B9C079dB,1620989073.0
1624752000000,2021-06-27 00:00:00+00:00,2021-06-27,145.77972412109375,525520744.3652344,0,yahoo,2.12621943932354,-19.296030426679255,cream-finance.eth,QmWEHDn7bqXoMNh88i5MTxHa2MQ4g9pbAa9h2QUpu2DrZj,Raise collateral factor of new yVault tokens to 60% ,0.25,sentiment_analysis|structural_analysis,multi_method_2,0,0,0,closed,0xb6e362900B7113F246A7e1c17E9746b3B9C079dB,1620989073.0
1624838400000,2021-06-28 00:00:00+00:00,2021-06-28,150.67417907714844,716717894.583435,0,yahoo,3.357431896351404,36.382417300984706,cream-finance.eth,QmWEHDn7bqXoMNh88i5MTxHa2MQ4g9pbAa9h2QUpu2DrZj,Raise collateral factor of new yVault tokens to 60% ,0.25,sentiment_analysis|structural_analysis,multi_method_2,0,0,0,closed,0xb6e362900B7113F246A7e1c17E9746b3B9C079dB,1620989073.0
1624924800000,2021-06-29 00:00:00+00:00,2021-06-29,156.92276000976562,904093534.1381836,0,yahoo,4.147081451439516,26.143569313788873,cream-finance.eth,QmWEHDn7bqXoMNh88i5MTxHa2MQ4g9pbAa9h2QUpu2DrZj,Raise collateral factor of new yVault tokens to 60% ,0.25,sentiment_analysis|structural_analysis,multi_method_2,0,0,0,closed,0xb6e362900B7113F246A7e1c17E9746b3B9C079dB,1620989073.0
1625011200000,2021-06-30 00:00:00+00:00,2021-06-30,155.6320037841797,750129294.3513336,0,yahoo,-0.8225423931529141,-17.029680444912653,cream-finance.eth,QmWEHDn7bqXoMNh88i5MTxHa2MQ4g9pbAa9h2QUpu2DrZj,Raise collateral factor of new yVault tokens to 60% ,0.25,sentiment_analysis|structural_analysis,multi_method_2,0,0,0,closed,0xb6e362900B7113F246A7e1c17E9746b3B9C079dB,1620989073.0
1625097600000,2021-07-01 00:00:00+00:00,2021-07-01,141.93197631835938,892449248.2050171,0,yahoo,-8.802834335294307,18.972723092590748,cream-finance.eth,QmWEHDn7bqXoMNh88i5MTxHa2MQ4g9pbAa9h2QUpu2DrZj,Raise collateral factor of new yVault tokens to 60% ,0.25,sentiment_analysis|structural_analysis,multi_method_2,0,0,0,closed,0xb6e362900B7113F246A7e1c17E9746b3B9C079dB,1620989073.0
1625184000000,2021-07-02 00:00:00+00:00,2021-07-02,160.28652954101562,1260514586.4189758,0,yahoo,12.931936621164365,41.24215903080746,cream-finance.eth,QmWEHDn7bqXoMNh88i5MTxHa2MQ4g9pbAa9h2QUpu2DrZj,Raise collateral factor of new yVault tokens to 60% ,0.25,sentiment_analysis|structural_analysis,multi_method_2,0,0,0,closed,0xb6e362900B7113F246A7e1c17E9746b3B9C079dB,1620989073.0
1625270400000,2021-07-03 00:00:00+00:00,2021-07-03,163.72254943847656,733074591.4578552,0,yahoo,2.143673524718559,-41.84322820567564,cream-finance.eth,QmWEHDn7bqXoMNh88i5MTxHa2MQ4g9pbAa9h2QUpu2DrZj,Raise collateral factor of new yVault tokens to 60% ,0.25,sentiment_analysis|structural_analysis,multi_method_2,0,0,0,closed,0xb6e362900B7113F246A7e1c17E9746b3B9C079dB,1620989073.0
1625356800000,2021-07-04 00:00:00+00:00,2021-07-04,166.7342987060547,924729095.6768188,0,yahoo,1.8395445697050317,26.143929478966534,cream-finance.eth,QmWEHDn7bqXoMNh88i5MTxHa2MQ4g9pbAa9h2QUpu2DrZj,Raise collateral factor of new yVault tokens to 60% ,0.25,sentiment_analysis|structural_analysis,multi_method_2,0,0,0,closed,0xb6e362900B7113F246A7e1c17E9746b3B9C079dB,1620989073.0
1625443200000,2021-07-05 00:00:00+00:00,2021-07-05,166.83346557617188,1054829110.6247864,0,yahoo,0.05947598717646052,14.068986858550826,cream-finance.eth,QmWEHDn7bqXoMNh88i5MTxHa2MQ4g9pbAa9h2QUpu2DrZj,Raise collateral factor of new yVault tokens to 60% ,0.25,sentiment_analysis|structural_analysis,multi_method_2,0,0,0,closed,0xb6e362900B7113F246A7e1c17E9746b3B9C079dB,1620989073.0
1625529600000,2021-07-06 00:00:00+00:00,2021-07-06,164.732666015625,876404634.6276855,0,yahoo,-1.2592195176738707,-16.915012507705452,cream-finance.eth,QmWEHDn7bqXoMNh88i5MTxHa2MQ4g9pbAa9h2QUpu2DrZj,Raise collateral factor of new yVault tokens to 60% ,0.25,sentiment_analysis|structural_analysis,multi_method_2,0,0,0,closed,0xb6e362900B7113F246A7e1c17E9746b3B9C079dB,1620989073.0
1625616000000,2021-07-07 00:00:00+00:00,2021-07-07,167.22117614746094,863076649.7957764,0,yahoo,1.5106354993367876,-1.520757000283457,cream-finance.eth,QmWEHDn7bqXoMNh88i5MTxHa2MQ4g9pbAa9h2QUpu2DrZj,Raise collateral factor of new yVault tokens to 60% ,0.25,sentiment_analysis|structural_analysis,multi_method_2,0,0,0,closed,0xb6e362900B7113F246A7e1c17E9746b3B9C079dB,1620989073.0
1625702400000,2021-07-08 00:00:00+00:00,2021-07-08,161.00881958007812,787062632.9296875,0,yahoo,-3.715053745289154,-8.807330946107218,cream-finance.eth,QmWEHDn7bqXoMNh88i5MTxHa2MQ4g9pbAa9h2QUpu2DrZj,Raise collateral factor of new yVault tokens to 60% ,0.25,sentiment_analysis|structural_analysis,multi_method_2,0,0,0,closed,0xb6e362900B7113F246A7e1c17E9746b3B9C079dB,1620989073.0
1625788800000,2021-07-09 00:00:00+00:00,2021-07-09,162.9098358154297,808320810.2342529,0,yahoo,1.1806907474444905,2.7009511587960944,cream-finance.eth,QmWEHDn7bqXoMNh88i5MTxHa2MQ4g9pbAa9h2QUpu2DrZj,Raise collateral factor of new yVault tokens to 60% ,0.25,sentiment_analysis|structural_analysis,multi_method_2,0,0,0,closed,0xb6e362900B7113F246A7e1c17E9746b3B9C079dB,1620989073.0
1625875200000,2021-07-10 00:00:00+00:00,2021-07-10,163.75262451171875,543259648.2329712,0,yahoo,0.5173344458120344,-32.79157961112822,cream-finance.eth,QmWEHDn7bqXoMNh88i5MTxHa2MQ4g9pbAa9h2QUpu2DrZj,Raise collateral factor of new yVault tokens to 60% ,0.25,sentiment_analysis|structural_analysis,multi_method_2,0,0,0,closed,0xb6e362900B7113F246A7e1c17E9746b3B9C079dB,1620989073.0
1625961600000,2021-07-11 00:00:00+00:00,2021-07-11,166.5789794921875,672181830.1525879,0,yahoo,1.7259906452775642,23.731227294159307,cream-finance.eth,QmWEHDn7bqXoMNh88i5MTxHa2MQ4g9pbAa9h2QUpu2DrZj,Raise collateral factor of new yVault tokens to 60% ,0.25,sentiment_analysis|structural_analysis,multi_method_2,0,0,0,closed,0xb6e362900B7113F246A7e1c17E9746b3B9C079dB,1620989073.0
1626048000000,2021-07-12 00:00:00+00:00,2021-07-12,160.51040649414062,551643609.632721,0,yahoo,-3.643060496916717,-17.932383041729093,cream-finance.eth,QmWEHDn7bqXoMNh88i5MTxHa2MQ4g9pbAa9h2QUpu2DrZj,Raise collateral factor of new yVault tokens to 60% ,0.25,sentiment_analysis|structural_analysis,multi_method_2,0,0,0,closed,0xb6e362900B7113F246A7e1c17E9746b3B9C079dB,1620989073.0
1626134400000,2021-07-13 00:00:00+00:00,2021-07-13,159.2620849609375,660080663.3087158,0,yahoo,-0.7777199998859174,19.657085078569338,cream-finance.eth,QmWEHDn7bqXoMNh88i5MTxHa2MQ4g9pbAa9h2QUpu2DrZj,Raise collateral factor of new yVault tokens to 60% ,0.25,sentiment_analysis|structural_analysis,multi_method_2,0,0,0,closed,0xb6e362900B7113F246A7e1c17E9746b3B9C079dB,1620989073.0
1626220800000,2021-07-14 00:00:00+00:00,2021-07-14,159.31048583984375,590217311.3911133,0,yahoo,0.030390710330152615,-10.584062797326311,cream-finance.eth,QmWEHDn7bqXoMNh88i5MTxHa2MQ4g9pbAa9h2QUpu2DrZj,Raise collateral factor of new yVault tokens to 60% ,0.25,sentiment_analysis|structural_analysis,multi_method_2,0,0,0,closed,0xb6e362900B7113F246A7e1c17E9746b3B9C079dB,1620989073.0
1626307200000,2021-07-15 00:00:00+00:00,2021-07-15,179.91729736328125,1687268192.9360962,0,yahoo,12.935000113020623,185.87236605434154,cream-finance.eth,QmWEHDn7bqXoMNh88i5MTxHa2MQ4g9pbAa9h2QUpu2DrZj,Raise collateral factor of new yVault tokens to 60% ,0.25,sentiment_analysis|structural_analysis,multi_method_2,0,0,0,closed,0xb6e362900B7113F246A7e1c17E9746b3B9C079dB,1620989073.0
1626393600000,2021-07-16 00:00:00+00:00,2021-07-16,177.6527557373047,1566058784.5959473,0,yahoo,-1.2586569824935112,-7.183766567022554,cream-finance.eth,QmWEHDn7bqXoMNh88i5MTxHa2MQ4g9pbAa9h2QUpu2DrZj,Raise collateral factor of new yVault tokens to 60% ,0.25,sentiment_analysis|structural_analysis,multi_method_2,0,0,0,closed,0xb6e362900B7113F246A7e1c17E9746b3B9C079dB,1620989073.0
1626480000000,2021-07-17 00:00:00+00:00,2021-07-17,168.4105682373047,795351580.1509094,0,yahoo,-5.2023890435262565,-49.21317207411757,cream-finance.eth,QmWEHDn7bqXoMNh88i5MTxHa2MQ4g9pbAa9h2QUpu2DrZj,Raise collateral factor of new yVault tokens to 60% ,0.25,sentiment_analysis|structural_analysis,multi_method_2,0,0,0,closed,0xb6e362900B7113F246A7e1c17E9746b3B9C079dB,1620989073.0
1626566400000,2021-07-18 00:00:00+00:00,2021-07-18,167.2845458984375,923966747.1899414,0,yahoo,-0.6686173858641231,16.17085704596559,cream-finance.eth,QmWEHDn7bqXoMNh88i5MTxHa2MQ4g9pbAa9h2QUpu2DrZj,Raise collateral factor of new yVault tokens to 60% ,0.25,sentiment_analysis|structural_analysis,multi_method_2,0,0,0,closed,0xb6e362900B7113F246A7e1c17E9746b3B9C079dB,1620989073.0
1626652800000,2021-07-19 00:00:00+00:00,2021-07-19,159.4012908935547,925342505.9829559,0,yahoo,-4.712482532408535,0.14889700275455553,cream-finance.eth,QmWEHDn7bqXoMNh88i5MTxHa2MQ4g9pbAa9h2QUpu2DrZj,Raise collateral factor of new yVault tokens to 60% ,0.25,sentiment_analysis|structural_analysis,multi_method_2,0,0,0,closed,0xb6e362900B7113F246A7e1c17E9746b3B9C079dB,1620989073.0
1626739200000,2021-07-20 00:00:00+00:00,2021-07-20,148.5657196044922,817066145.2802277,0,yahoo,-6.797668468254936,-11.701219818894026,cream-finance.eth,QmWEHDn7bqXoMNh88i5MTxHa2MQ4g9pbAa9h2QUpu2DrZj,Raise collateral factor of new yVault tokens to 60% ,0.25,sentiment_analysis|structural_analysis,multi_method_2,0,0,0,closed,0xb6e362900B7113F246A7e1c17E9746b3B9C079dB,1620989073.0
1626825600000,2021-07-21 00:00:00+00:00,2021-07-21,156.2864532470703,812923673.9917297,0,yahoo,5.196847336742327,-0.5069933826565731,cream-finance.eth,QmWEHDn7bqXoMNh88i5MTxHa2MQ4g9pbAa9h2QUpu2DrZj,Raise collateral factor of new yVault tokens to 60% ,0.25,sentiment_analysis|structural_analysis,multi_method_2,0,0,0,closed,0xb6e362900B7113F246A7e1c17E9746b3B9C079dB,1620989073.0
1626912000000,2021-07-22 00:00:00+00:00,2021-07-22,163.13275146484375,1019089645.869873,0,yahoo,4.3806088599056325,25.36104907190102,cream-finance.eth,QmWEHDn7bqXoMNh88i5MTxHa2MQ4g9pbAa9h2QUpu2DrZj,Raise collateral factor of new yVault tokens to 60% ,0.25,sentiment_analysis|structural_analysis,multi_method_2,0,0,0,closed,0xb6e362900B7113F246A7e1c17E9746b3B9C079dB,1620989073.0
1626998400000,2021-07-23 00:00:00+00:00,2021-07-23,168.5862579345703,1209655459.281601,0,yahoo,3.342986874650866,18.69961236325437,cream-finance.eth,QmWEHDn7bqXoMNh88i5MTxHa2MQ4g9pbAa9h2QUpu2DrZj,Raise collateral factor of new yVault tokens to 60% ,0.25,sentiment_analysis|structural_analysis,multi_method_2,0,0,0,closed,0xb6e362900B7113F246A7e1c17E9746b3B9C079dB,1620989073.0
1627084800000,2021-07-24 00:00:00+00:00,2021-07-24,167.82615661621094,1222105205.5207062,0,yahoo,-0.4508678985296499,1.029197706138496,cream-finance.eth,QmWEHDn7bqXoMNh88i5MTxHa2MQ4g9pbAa9h2QUpu2DrZj,Raise collateral factor of new yVault tokens to 60% ,0.25,sentiment_analysis|structural_analysis,multi_method_2,0,0,0,closed,0xb6e362900B7113F246A7e1c17E9746b3B9C079dB,1620989073.0
1627171200000,2021-07-25 00:00:00+00:00,2021-07-25,164.9857940673828,988389800.709732,0,yahoo,-1.6924433032948105,-19.124000434266563,cream-finance.eth,QmWEHDn7bqXoMNh88i5MTxHa2MQ4g9pbAa9h2QUpu2DrZj,Raise collateral factor of new yVault tokens to 60% ,0.25,sentiment_analysis|structural_analysis,multi_method_2,0,0,0,closed,0xb6e362900B7113F246A7e1c17E9746b3B9C079dB,1620989073.0
1627257600000,2021-07-26 00:00:00+00:00,2021-07-26,165.92205810546875,1264721806.8722534,0,yahoo,0.5674816085702306,27.957796201872576,cream-finance.eth,QmWEHDn7bqXoMNh88i5MTxHa2MQ4g9pbAa9h2QUpu2DrZj,Raise collateral factor of new yVault tokens to 60% ,0.25,sentiment_analysis|structural_analysis,multi_method_2,0,0,0,closed,0xb6e362900B7113F246A7e1c17E9746b3B9C079dB,1620989073.0
1627344000000,2021-07-27 00:00:00+00:00,2021-07-27,163.7588653564453,1025693500.1104431,0,yahoo,-1.3037403065771946,-18.89967465279533,cream-finance.eth,QmWEHDn7bqXoMNh88i5MTxHa2MQ4g9pbAa9h2QUpu2DrZj,Raise collateral factor of new yVault tokens to 60% ,0.25,sentiment_analysis|structural_analysis,multi_method_2,0,0,0,closed,0xb6e362900B7113F246A7e1c17E9746b3B9C079dB,1620989073.0
1627430400000,2021-07-28 00:00:00+00:00,2021-07-28,164.9407958984375,759174650.6896973,0,yahoo,0.7217505686910597,-25.984258396104487,cream-finance.eth,QmWEHDn7bqXoMNh88i5MTxHa2MQ4g9pbAa9h2QUpu2DrZj,Raise collateral factor of new yVault tokens to 60% ,0.25,sentiment_analysis|structural_analysis,multi_method_2,0,0,0,closed,0xb6e362900B7113F246A7e1c17E9746b3B9C079dB,1620989073.0
1627516800000,2021-07-29 00:00:00+00:00,2021-07-29,164.3408203125,853749082.4560547,0,yahoo,-0.36375208611636456,12.4575328852772,cream-finance.eth,QmWEHDn7bqXoMNh88i5MTxHa2MQ4g9pbAa9h2QUpu2DrZj,Raise collateral factor of new yVault tokens to 60% ,0.25,sentiment_analysis|structural_analysis,multi_method_2,0,0,0,closed,0xb6e362900B7113F246A7e1c17E9746b3B9C079dB,1620989073.0
1627603200000,2021-07-30 00:00:00+00:00,2021-07-30,166.0972442626953,918479226.2120361,0,yahoo,1.068769126778979,7.58186978892752,cream-finance.eth,QmWEHDn7bqXoMNh88i5MTxHa2MQ4g9pbAa9h2QUpu2DrZj,Raise collateral factor of new yVault tokens to 60% ,0.25,sentiment_analysis|structural_analysis,multi_method_2,0,0,0,closed,0xb6e362900B7113F246A7e1c17E9746b3B9C079dB,1620989073.0
1627689600000,2021-07-31 00:00:00+00:00,2021-07-31,181.22036743164062,1262759648.8763733,0,yahoo,9.10498138369289,37.483746266554974,cream-finance.eth,QmWEHDn7bqXoMNh88i5MTxHa2MQ4g9pbAa9h2QUpu2DrZj,Raise collateral factor of new yVault tokens to 60% ,0.25,sentiment_analysis|structural_analysis,multi_method_2,0,0,0,closed,0xb6e362900B7113F246A7e1c17E9746b3B9C079dB,1620989073.0
1627776000000,2021-08-01 00:00:00+00:00,2021-08-01,190.28147888183594,1815068768.2097473,0,yahoo,5.000051362114877,43.738261657697784,cream-finance.eth,QmWEHDn7bqXoMNh88i5MTxHa2MQ4g9pbAa9h2QUpu2DrZj,Raise collateral factor of new yVault tokens to 60% ,0.25,sentiment_analysis|structural_analysis,multi_method_2,0,0,0,closed,0xb6e362900B7113F246A7e1c17E9746b3B9C079dB,1620989073.0
1627862400000,2021-08-02 00:00:00+00:00,2021-08-02,187.99842834472656,2481407799.58374,0,yahoo,-1.199828039242401,36.71150333500706,cream-finance.eth,QmWEHDn7bqXoMNh88i5MTxHa2MQ4g9pbAa9h2QUpu2DrZj,Raise collateral factor of new yVault tokens to 60% ,0.25,sentiment_analysis|structural_analysis,multi_method_2,0,0,0,closed,0xb6e362900B7113F246A7e1c17E9746b3B9C079dB,1620989073.0
1627948800000,2021-08-03 00:00:00+00:00,2021-08-03,187.1311798095703,1469255967.1265259,0,yahoo,-0.4613062687768843,-40.789419321846424,cream-finance.eth,QmWEHDn7bqXoMNh88i5MTxHa2MQ4g9pbAa9h2QUpu2DrZj,Raise collateral factor of new yVault tokens to 60% ,0.25,sentiment_analysis|structural_analysis,multi_method_2,0,0,0,closed,0xb6e362900B7113F246A7e1c17E9746b3B9C079dB,1620989073.0
1628035200000,2021-08-04 00:00:00+00:00,2021-08-04,202.94053649902344,1635564348.1416016,0,yahoo,8.44827500448677,11.319224473890044,cream-finance.eth,QmWEHDn7bqXoMNh88i5MTxHa2MQ4g9pbAa9h2QUpu2DrZj,Raise collateral factor of new yVault tokens to 60% ,0.25,sentiment_analysis|structural_analysis,multi_method_2,0,0,0,closed,0xb6e362900B7113F246A7e1c17E9746b3B9C079dB,1620989073.0
1628121600000,2021-08-05 00:00:00+00:00,2021-08-05,192.62294006347656,1562016404.5792236,0,yahoo,-5.084049058674156,-4.496793027186385,cream-finance.eth,QmWEHDn7bqXoMNh88i5MTxHa2MQ4g9pbAa9h2QUpu2DrZj,Raise collateral factor of new yVault tokens to 60% ,0.25,sentiment_analysis|structural_analysis,multi_method_2,0,0,0,closed,0xb6e362900B7113F246A7e1c17E9746b3B9C079dB,1620989073.0
1628208000000,2021-08-06 00:00:00+00:00,2021-08-06,191.0200958251953,1358924793.5243683,0,yahoo,-0.8321149276161233,-13.001887205503726,cream-finance.eth,QmWEHDn7bqXoMNh88i5MTxHa2MQ4g9pbAa9h2QUpu2DrZj,Raise collateral factor of new yVault tokens to 60% ,0.25,sentiment_analysis|structural_analysis,multi_method_2,0,0,0,closed,0xb6e362900B7113F246A7e1c17E9746b3B9C079dB,1620989073.0
1628294400000,2021-08-07 00:00:00+00:00,2021-08-07,196.0830535888672,1126747148.7613678,0,yahoo,2.6504843596691696,-17.085393236578483,cream-finance.eth,QmWEHDn7bqXoMNh88i5MTxHa2MQ4g9pbAa9h2QUpu2DrZj,Raise collateral factor of new yVault tokens to 60% ,0.25,sentiment_analysis|structural_analysis,multi_method_2,0,0,0,closed,0xb6e362900B7113F246A7e1c17E9746b3B9C079dB,1620989073.0
1628380800000,2021-08-08 00:00:00+00:00,2021-08-08,197.6753692626953,2357823967.126068,0,yahoo,0.8120618506721078,109.2593684144683,cream-finance.eth,QmWEHDn7bqXoMNh88i5MTxHa2MQ4g9pbAa9h2QUpu2DrZj,Raise collateral factor of new yVault tokens to 60% ,0.25,sentiment_analysis|structural_analysis,multi_method_2,0,0,0,closed,0xb6e362900B7113F246A7e1c17E9746b3B9C079dB,1620989073.0
1628467200000,2021-08-09 00:00:00+00:00,2021-08-09,200.89772033691406,1326839641.5443268,0,yahoo,1.6301227038238109,-43.72609405775103,cream-finance.eth,QmWEHDn7bqXoMNh88i5MTxHa2MQ4g9pbAa9h2QUpu2DrZj,Raise collateral factor of new yVault tokens to 60% ,0.25,sentiment_analysis|structural_analysis,multi_method_2,0,0,0,closed,0xb6e362900B7113F246A7e1c17E9746b3B9C079dB,1620989073.0
1628553600000,2021-08-10 00:00:00+00:00,2021-08-10,201.909912109375,1175202307.8288574,0,yahoo,0.5038343744087515,-11.428459699845616,cream-finance.eth,QmWEHDn7bqXoMNh88i5MTxHa2MQ4g9pbAa9h2QUpu2DrZj,Raise collateral factor of new yVault tokens to 60% ,0.25,sentiment_analysis|structural_analysis,multi_method_2,0,0,0,closed,0xb6e362900B7113F246A7e1c17E9746b3B9C079dB,1620989073.0
1628640000000,2021-08-11 00:00:00+00:00,2021-08-11,204.12420654296875,1098498704.1193237,0,yahoo,1.096674457663216,-6.526842501802155,cream-finance.eth,QmWEHDn7bqXoMNh88i5MTxHa2MQ4g9pbAa9h2QUpu2DrZj,Raise collateral factor of new yVault tokens to 60% ,0.25,sentiment_analysis|structural_analysis,multi_method_2,0,0,0,closed,0xb6e362900B7113F246A7e1c17E9746b3B9C079dB,1620989073.0
1628726400000,2021-08-12 00:00:00+00:00,2021-08-12,192.7900848388672,1135941157.940277,0,yahoo,-5.552561303754877,3.408511423868399,cream-finance.eth,QmWEHDn7bqXoMNh88i5MTxHa2MQ4g9pbAa9h2QUpu2DrZj,Raise collateral factor of new yVault tokens to 60% ,0.25,sentiment_analysis|structural_analysis,multi_method_2,0,0,0,closed,0xb6e362900B7113F246A7e1c17E9746b3B9C079dB,1620989073.0
1628812800000,2021-08-13 00:00:00+00:00,2021-08-13,207.18023681640625,1407932041.9901733,0,yahoo,7.464155633089886,23.944099758043656,cream-finance.eth,QmWEHDn7bqXoMNh88i5MTxHa2MQ4g9pbAa9h2QUpu2DrZj,Raise collateral factor of new yVault tokens to 60% ,0.25,sentiment_analysis|structural_analysis,multi_method_2,0,0,0,closed,0xb6e362900B7113F246A7e1c17E9746b3B9C079dB,1620989073.0
1628899200000,2021-08-14 00:00:00+00:00,2021-08-14,203.16796875,1146805370.2617188,0,yahoo,-1.9366075297817864,-18.546823563965532,cream-finance.eth,QmWEHDn7bqXoMNh88i5MTxHa2MQ4g9pbAa9h2QUpu2DrZj,Raise collateral factor of new yVault tokens to 60% ,0.25,sentiment_analysis|structural_analysis,multi_method_2,0,0,0,closed,0xb6e362900B7113F246A7e1c17E9746b3B9C079dB,1620989073.0
1628985600000,2021-08-15 00:00:00+00:00,2021-08-15,211.21412658691406,1104179296.975525,0,yahoo,3.9603476307896512,-3.7169405019847335,cream-finance.eth,QmWEHDn7bqXoMNh88i5MTxHa2MQ4g9pbAa9h2QUpu2DrZj,Raise collateral factor of new yVault tokens to 60% ,0.25,sentiment_analysis|structural_analysis,multi_method_2,0,0,0,closed,0xb6e362900B7113F246A7e1c17E9746b3B9C079dB,1620989073.0
1629072000000,2021-08-16 00:00:00+00:00,2021-08-16,204.1651611328125,1258733955.4727783,0,yahoo,-3.337355113508911,13.997242922467091,cream-finance.eth,QmWEHDn7bqXoMNh88i5MTxHa2MQ4g9pbAa9h2QUpu2DrZj,Raise collateral factor of new yVault tokens to 60% ,0.25,sentiment_analysis|structural_analysis,multi_method_2,0,0,0,closed,0xb6e362900B7113F246A7e1c17E9746b3B9C079dB,1620989073.0
1629158400000,2021-08-17 00:00:00+00:00,2021-08-17,185.0902862548828,1476843352.910019,0,yahoo,-9.342864753267676,17.327680443427695,cream-finance.eth,QmWEHDn7bqXoMNh88i5MTxHa2MQ4g9pbAa9h2QUpu2DrZj,Raise collateral factor of new yVault tokens to 60% ,0.25,sentiment_analysis|structural_analysis,multi_method_2,0,0,0,closed,0xb6e362900B7113F246A7e1c17E9746b3B9C079dB,1620989073.0
1629244800000,2021-08-18 00:00:00+00:00,2021-08-18,185.11752319335938,1308336606.9213867,0,yahoo,0.014715487791217008,-11.40992683188784,cream-finance.eth,QmWEHDn7bqXoMNh88i5MTxHa2MQ4g9pbAa9h2QUpu2DrZj,Raise collateral factor of new yVault tokens to 60% ,0.25,sentiment_analysis|structural_analysis,multi_method_2,0,0,0,closed,0xb6e362900B7113F246A7e1c17E9746b3B9C079dB,1620989073.0
1629331200000,2021-08-19 00:00:00+00:00,2021-08-19,192.37892150878906,1065047415.741272,0,yahoo,3.9225883050763244,-18.59530566469376,cream-finance.eth,QmWEHDn7bqXoMNh88i5MTxHa2MQ4g9pbAa9h2QUpu2DrZj,Raise collateral factor of new yVault tokens to 60% ,0.25,sentiment_analysis|structural_analysis,multi_method_2,0,0,0,closed,0xb6e362900B7113F246A7e1c17E9746b3B9C079dB,1620989073.0
1629417600000,2021-08-20 00:00:00+00:00,2021-08-20,199.48028564453125,1213052982.1835327,0,yahoo,3.691342107569584,13.896617582912874,cream-finance.eth,QmWEHDn7bqXoMNh88i5MTxHa2MQ4g9pbAa9h2QUpu2DrZj,Raise collateral factor of new yVault tokens to 60% ,0.25,sentiment_analysis|structural_analysis,multi_method_2,0,0,0,closed,0xb6e362900B7113F246A7e1c17E9746b3B9C079dB,1620989073.0
1629504000000,2021-08-21 00:00:00+00:00,2021-08-21,190.11819458007812,1255030279.772583,0,yahoo,-4.693241256499969,3.460466954501018,cream-finance.eth,QmWEHDn7bqXoMNh88i5MTxHa2MQ4g9pbAa9h2QUpu2DrZj,Raise collateral factor of new yVault tokens to 60% ,0.25,sentiment_analysis|structural_analysis,multi_method_2,0,0,0,closed,0xb6e362900B7113F246A7e1c17E9746b3B9C079dB,1620989073.0
